{
    "1": {
        "1": 81.91813516616821,
        "2": 81.7936098575592,
        "4": 81.74338698387146
    },
    "2": {
        "1": 160.48489141464233,
        "2": 87.94612836837769,
        "4": 87.95995163917542
    },
    "3": {
        "1": 303.7611782550812,
        "2": 227.44998478889465,
        "4": 186.4192214012146
    },
    "4": {
        "1": 515.4833419322968,
        "2": 308.7542426586151,
        "4": 281.14301466941833
    },
    "5": {
        "1": 609.4189615249634,
        "2": 503.8658425807953
    },
    "6": {
        "1": 685.936131477356,
        "2": 598.7197594642639
    },
    "7": {
        "1": 765.1279935836792,
        "2": 605.6600415706635
    },
    "8": {
        "1": 838.6827745437622,
        "2": 660.8428471088409
    },
    "9": {
        "1": 911.7152507305145,
        "2": 764.5748927593231
    },
    "10": {
        "1": 984.6286551952362,
        "2": 1036.128687620163
    },
    "11": {
        "1": 1057.6256532669067,
        "2": 1065.4335775375366
    },
    "12": {
        "1": 1130.478758573532,
        "2": 1085.660939693451
    },
    "13": {
        "1": 1202.7745478153229
    },
}