{
    "1": {
        "1": 81.91813516616821,
        "2": 81.7936098575592,
        "4": 81.74338698387146
    },
    "10": {
        "1": 1477.8649492263794,
        "2": 1036.128687620163,
        "4": 706.1104304790497
    },
    "11": {
        "2": 1065.4335775375366,
        "4": 808.0573246479034
    },
    "12": {
        "2": 1085.660939693451,
        "4": 853.4243741035461
    },
    "2": {
        "1": 160.48489141464233,
        "2": 87.94612836837769,
        "4": 87.95995163917542
    },
    "3": {
        "1": 303.7611782550812,
        "2": 227.44998478889465,
        "4": 186.4192214012146
    },
    "4": {
        "1": 515.4833419322968,
        "2": 308.7542426586151,
        "4": 281.14301466941833
    },
    "5": {
        "1": 609.4189615249634,
        "2": 503.8658425807953,
        "4": 282.75221061706543
    },
    "6": {
        "1": 784.4170019626617,
        "2": 598.7197594642639,
        "4": 417.9028072357178
    },
    "7": {
        "1": 914.2178358828288,
        "2": 605.6600415706635,
        "4": 432.0317256450653
    },
    "8": {
        "1": 1121.6829611917788,
        "2": 660.8428471088409,
        "4": 516.3470516204834
    },
    "9": {
        "1": 1327.3732039928436,
        "2": 764.5748927593231,
        "4": 631.8137149810791
    }
}
