{
    "1": {
        "1": 107.68172907829285,
        "2": 100.43353986740112,
        "4": 100.03423881530762
    },
    "2": {
        "1": 195.5703408718109,
        "2": 113.90489315986633,
        "4": 114.20475769042969
    },
    "3": {
        "1": 419.1618912220001,
        "2": 332.41007900238037,
        "4": 272.46502566337585
    },
    "4": {
        "1": 510.0191740989685,
        "2": 334.13339829444885,
        "4": 300.5495502948761
    },
    "5": {
        "1": 594.0952563285828,
        "2": 341.14306569099426,
        "4": 310.8039462566376
    },
    "6": {
        "1": 678.5643317699432,
        "2": 379.5527148246765,
        "4": 334.81938552856445
    },
    "7": {
        "1": 946.9827132225037,
        "2": 624.2199459075928,
        "4": 507.7247259616852
    }
}